produkt,kategori,url
"Vægmaling Glans 5","Maling – farveblandet (kunden vælger farve på siden)",https://www.denlillemalerfabrik.dk/qr/vaegmaling-glans-5
"Vægmaling Glans 10","Maling – farveblandet (kunden vælger farve på siden)",https://www.denlillemalerfabrik.dk/qr/vaegmaling-glans-10
"Loftmaling Glans 1","Maling – farveblandet (kunden vælger farve på siden)",https://www.denlillemalerfabrik.dk/qr/loftmaling-glans-1
"Loftmaling Glans 5","Maling – farveblandet (kunden vælger farve på siden)",https://www.denlillemalerfabrik.dk/qr/loftmaling-glans-5
"Træ & Metal Glans 40","Maling – farveblandet (kunden vælger farve på siden)",https://www.denlillemalerfabrik.dk/qr/trae-metal-glans-40
"Træbeskyttelse Glans 20","Maling – farveblandet (kunden vælger farve på siden)",https://www.denlillemalerfabrik.dk/qr/traebeskyttelse-glans-20
"Mur & facademaling (akryl/olie)","Mur, facade & tag",https://www.denlillemalerfabrik.dk/qr/mur-facademaling-akryl-olie
"Tag & facademaling","Mur, facade & tag",https://www.denlillemalerfabrik.dk/qr/tag-facademaling
"Tag & facademaling Glans 20","Mur, facade & tag",https://www.denlillemalerfabrik.dk/qr/tag-facademaling-glans-20
"Tagmaling Glans 10","Mur, facade & tag",https://www.denlillemalerfabrik.dk/qr/tagmaling-glans-10
"Tagmaling Glans 20 (sort glans 60)","Mur, facade & tag",https://www.denlillemalerfabrik.dk/qr/tagmaling-glans-20-sort-glans-60
"Tagmaling aluminium Glans 60","Mur, facade & tag",https://www.denlillemalerfabrik.dk/qr/tagmaling-aluminium-glans-60
"Tag & sokkelmaling","Mur, facade & tag",https://www.denlillemalerfabrik.dk/qr/tag-sokkelmaling
"Tagflex (gummimaling)","Mur, facade & tag",https://www.denlillemalerfabrik.dk/qr/tagflex-gummimaling
"Loft- & vægmaling Glans 5","Væg & loft",https://www.denlillemalerfabrik.dk/qr/loft-vaegmaling-glans-5
"Vægmaling Køkken & Bad Glans 25","Væg & loft",https://www.denlillemalerfabrik.dk/qr/vaegmaling-kokken-bad-glans-25
"Vandskuringsmaling","Væg & loft",https://www.denlillemalerfabrik.dk/qr/vandskuringsmaling
"Akryl emalie Glans 40","Træ & metal",https://www.denlillemalerfabrik.dk/qr/akryl-emalie-glans-40
"PU gulvlak","Træ & metal",https://www.denlillemalerfabrik.dk/qr/pu-gulvlak
"Træbeskyttelse heldækkende (alkyd/olie)","Træbeskyttelse & olie",https://www.denlillemalerfabrik.dk/qr/traebeskyttelse-heldaekkende-alkyd-olie
"Træbeskyttelse heldækkende (vandig)","Træbeskyttelse & olie",https://www.denlillemalerfabrik.dk/qr/traebeskyttelse-heldaekkende-vandig
"Transparent træbeskyttelse","Træbeskyttelse & olie",https://www.denlillemalerfabrik.dk/qr/transparent-traebeskyttelse
"Transparent træbeskyttelse (tixotropisk)","Træbeskyttelse & olie",https://www.denlillemalerfabrik.dk/qr/transparent-traebeskyttelse-tixotropisk
"Træterrasseolie (olie-baseret)","Træbeskyttelse & olie",https://www.denlillemalerfabrik.dk/qr/traeterrasseolie-olie-baseret
"Træolie 40 (olie-baseret)","Træbeskyttelse & olie",https://www.denlillemalerfabrik.dk/qr/traeolie-40-olie-baseret
"Ædeltræsolie (gylden)","Træbeskyttelse & olie",https://www.denlillemalerfabrik.dk/qr/aedeltraesolie-gylden
"Universal heldækkende (olie-baseret) til træ/sten/eternit","Træbeskyttelse & olie",https://www.denlillemalerfabrik.dk/qr/universal-heldaekkende-olie-baseret-til-trae-sten-eternit
